<?xml version="1.0" encoding="UTF-8"?>
<con:soapui-project activeEnvironment="Default" name="NBA" resourceRoot="${projectDir}" soapui-version="5.0.0" abortOnError="false" runType="SEQUENTIAL" xmlns:con="http://eviware.com/soapui/config"><con:settings/><con:interface xsi:type="con:WsdlInterface" wsaVersion="NONE" name="CreateNBAPlayerBindingSOAP" type="wsdl" bindingName="{http://rpi-white.com/mss/contract/createnbaplayer}CreateNBAPlayerBindingSOAP" soapVersion="1_1" anonymous="optional" definition="file:/C:/Users/eknight/Documents/NBA/CreateNBAPLayerWSDL.wsdl" xmlns:xsi="http://www.w3.org/2001/XMLSchema-instance"><con:settings/><con:definitionCache type="TEXT" rootPart="file:\C:\Users\eknight\Documents\NBA\CreateNBAPLayerWSDL.wsdl"><con:part><con:url>file:\C:\Users\eknight\Documents\NBA\CreateNBAPLayerWSDL.wsdl</con:url><con:content><![CDATA[<wsdl:definitions name="CreateNBAPlayerWSDL" targetNamespace="http://rpi-white.com/mss/contract/createnbaplayer" xmlns:xenc="http://www.w3.org/2001/04/xmlenc#" xmlns:mssext="http://rpi-white.com/mss/message/createnbaplayer" xmlns:xs="http://www.w3.org/2001/XMLSchema" xmlns:soap="http://schemas.xmlsoap.org/wsdl/soap/" xmlns:http="http://schemas.xmlsoap.org/wsdl/http/" xmlns:mime="http://schemas.xmlsoap.org/wsdl/mime/" xmlns:wsdl="http://schemas.xmlsoap.org/wsdl/" xmlns:msscon="http://rpi-white.com/mss/contract/createnbaplayer">
  <wsdl:types>
    <xs:schema elementFormDefault="unqualified">
      <xs:import namespace="http://rpi-white.com/mss/message/createnbaplayer" schemaLocation="CreateNBAPlayer.xsd"/>
    </xs:schema>
  </wsdl:types>
  <wsdl:message name="CreateNBAPlayerResponse">
    <wsdl:part name="body" element="mssext:CreateNBAPlayerResponse"/>
  </wsdl:message>
  <wsdl:message name="CreateNBAPlayerRequest">
    <wsdl:part name="body" element="mssext:CreateNBAPlayerRequest"/>
  </wsdl:message>
  <wsdl:portType name="CreateNBAPlayerPortTypeSOAP">
    <wsdl:operation name="CreateNBAPlayerRequest">
      <wsdl:input name="Request1" message="msscon:CreateNBAPlayerRequest"/>
      <wsdl:output name="Response1" message="msscon:CreateNBAPlayerResponse"/>
    </wsdl:operation>
  </wsdl:portType>
  <wsdl:binding name="CreateNBAPlayerBindingSOAP" type="msscon:CreateNBAPlayerPortTypeSOAP">
    <soap:binding style="document" transport="http://schemas.xmlsoap.org/soap/http"/>
    <wsdl:operation name="CreateNBAPlayerRequest">
      <soap:operation soapAction="CreateNBAPlayer" style="document"/>
      <wsdl:input name="Request1">
        <soap:body parts="body" use="literal"/>
      </wsdl:input>
      <wsdl:output name="Response1">
        <soap:body parts="body" use="literal"/>
      </wsdl:output>
    </wsdl:operation>
  </wsdl:binding>
  <wsdl:service name="CreateNBAPlayer">
    <wsdl:port name="CreateNBAPLayerPortTypeSOAP" binding="msscon:CreateNBAPlayerBindingSOAP">
      <soap:address location="http://www.wmb.rpi-white.com/Service/mss/CreateNBAPlayer"/>
    </wsdl:port>
  </wsdl:service>
</wsdl:definitions>]]></con:content><con:type>http://schemas.xmlsoap.org/wsdl/</con:type></con:part><con:part><con:url>file:\C:\Users\eknight\Documents\NBA\CreateNBAPlayer.xsd</con:url><con:content><![CDATA[<xs:schema targetNamespace="http://rpi-white.com/mss/message/createnbaplayer" xmlns:xs="http://www.w3.org/2001/XMLSchema" xmlns="http://rpi-white.com/mss/message/createnbaplayer" xmlns:mssext="http://rpi-white.com/mss/message/createnbaplayer">
  <xs:element name="CreateNBAPlayerRequest" type="mssext:RequestMessage_MasterType"/>
  <xs:element name="RequestMessage_MasterType" type="RequestMessage_MasterType"/>
  <xs:complexType name="RequestMessage_MasterType">
    <xs:sequence>
      <xs:element name="plyr" type="CreateNBAPlayer_MasterType" minOccurs="0" maxOccurs="1"/>
    </xs:sequence>
  </xs:complexType>
  <xs:element name="CreateNBAPlayer_MasterType" type="CreateNBAPlayer_MasterType"/>
  <xs:complexType name="CreateNBAPlayer_MasterType">
    <xs:all>
      <xs:element name="playerId" type="xs:string" minOccurs="0" maxOccurs="1"/>
      <xs:element name="FstName" type="xs:string" minOccurs="1" maxOccurs="1">
        <xs:annotation>
          <xs:documentation>Player First Name</xs:documentation>
        </xs:annotation>
      </xs:element>
      <xs:element name="LstName" type="xs:string" minOccurs="1" maxOccurs="1">
        <xs:annotation>
          <xs:documentation>Player Last Name</xs:documentation>
        </xs:annotation>
      </xs:element>
      <xs:element name="Position" type="Position_MasterType" minOccurs="0" maxOccurs="1"/>
      <xs:element name="Height" type="xs:string" minOccurs="0" maxOccurs="1">
        <xs:annotation>
          <xs:documentation>Player height</xs:documentation>
        </xs:annotation>
      </xs:element>
      <xs:element name="College" type="xs:string" minOccurs="0" maxOccurs="1">
        <xs:annotation>
          <xs:documentation>Name of college attended</xs:documentation>
        </xs:annotation>
      </xs:element>
      <xs:element name="TeamName" type="xs:string" minOccurs="1" maxOccurs="1">
        <xs:annotation>
          <xs:documentation>Name of the basketball team this player is a member of</xs:documentation>
        </xs:annotation>
      </xs:element>
    </xs:all>
  </xs:complexType>
  <xs:simpleType name="Position_MasterType">
    <xs:restriction base="xs:string">
      <xs:enumeration value="Center"/>
      <xs:enumeration value="Point Guard"/>
      <xs:enumeration value="Power Forward"/>
      <xs:enumeration value="Shooting Guard"/>
      <xs:enumeration value="Small Forward"/>
    </xs:restriction>
  </xs:simpleType>
  <xs:element name="CreateNBAPlayerResponse" type="mssext:ResponseMessage_MasterType"/>
  <xs:element name="ResponseMessage_MasterType" type="ResponseMessage_MasterType"/>
  <xs:complexType name="ResponseMessage_MasterType">
    <xs:sequence>
      <xs:element name="plyr" type="Player_MasterType" minOccurs="0" maxOccurs="1"/>
    </xs:sequence>
  </xs:complexType>
  <xs:element name="Player_MasterType" type="Player_MasterType"/>
  <xs:complexType name="Player_MasterType">
    <xs:sequence>
      <xs:element name="PlayerId" type="xs:string" minOccurs="1" maxOccurs="1">
        <xs:annotation>
          <xs:documentation>Player Id for the Player account created</xs:documentation>
        </xs:annotation>
      </xs:element>
    </xs:sequence>
  </xs:complexType>
</xs:schema>]]></con:content><con:type>http://www.w3.org/2001/XMLSchema</con:type></con:part></con:definitionCache><con:endpoints><con:endpoint>http://JLR1GBMLF1T83M2:8088/mockCreateNBAPlayerBindingSOAP</con:endpoint><con:endpoint>http://www.wmb.rpi-white.com/Service/mss/CreateNBAPlayer</con:endpoint></con:endpoints><con:operation isOneWay="false" action="CreateNBAPlayer" name="CreateNBAPlayerRequest" bindingOperationName="CreateNBAPlayerRequest" type="Request-Response" outputName="Response1" inputName="Request1" receivesAttachments="false" sendsAttachments="false" anonymous="optional"><con:settings/><con:call name="Valid Request 1"><con:settings><con:setting id="com.eviware.soapui.impl.wsdl.WsdlRequest@request-headers">&lt;xml-fragment/></con:setting></con:settings><con:encoding>UTF-8</con:encoding><con:endpoint>http://JLR1GBMLF1T83M2:8088/mockCreateNBAPlayerBindingSOAP</con:endpoint><con:request><![CDATA[<soapenv:Envelope xmlns:soapenv="http://schemas.xmlsoap.org/soap/envelope/" xmlns:cre="http://rpi-white.com/mss/message/createnbaplayer">
   <soapenv:Header/>
   <soapenv:Body>
      <cre:CreateNBAPlayerRequest>
         <!--Optional:-->
         <plyr>
            <!--You may enter the following 7 items in any order-->
            <!--Optional:-->
            <playerId>?</playerId>
            <FstName>Stephen</FstName>
            <LstName>Curry</LstName>
            <!--Optional:-->
            <Position>Point Guard</Position>
            <!--Optional:-->
            <Height>6ft 3ins</Height>
            <!--Optional:-->
            <College>Davidson</College>
            <TeamName>Golden State Warriors</TeamName>
         </plyr>
      </cre:CreateNBAPlayerRequest>
   </soapenv:Body>
</soapenv:Envelope>]]></con:request><con:credentials><con:authType>No Authorization</con:authType></con:credentials><con:jmsConfig JMSDeliveryMode="PERSISTENT"/><con:jmsPropertyConfig/><con:wsaConfig mustUnderstand="NONE" version="200508" action="CreateNBAPlayer"/><con:wsrmConfig version="1.2"/></con:call><con:call name="Invalid Request 1"><con:settings><con:setting id="com.eviware.soapui.impl.wsdl.WsdlRequest@request-headers">&lt;xml-fragment/></con:setting></con:settings><con:encoding>UTF-8</con:encoding><con:endpoint>http://JLR1GBMLF1T83M2:8088/mockCreateNBAPlayerBindingSOAP</con:endpoint><con:request><![CDATA[<soapenv:Envelope xmlns:soapenv="http://schemas.xmlsoap.org/soap/envelope/" xmlns:cre="http://rpi-white.com/mss/message/createnbaplayer">
   <soapenv:Header/>
   <soapenv:Body>
      <cre:CreateNBAPlayerRequest>
         <!--Optional:-->
         <plyr>
            <!--You may enter the following 7 items in any order-->
            <!--Optional:-->
            <playerId>?</playerId>
            <FstName>Stephen</FstName>
            <LstName>Curry</LstName>
            <!--Optional:-->
            <Position>Guard</Position>
            <!--Optional:-->
            <Height>6ft 3ins</Height>
            <!--Optional:-->
            <College>Davidson</College>
            <TeamName>Golden State Warriors</TeamName>
         </plyr>
      </cre:CreateNBAPlayerRequest>
   </soapenv:Body>
</soapenv:Envelope>]]></con:request><con:credentials><con:authType>No Authorization</con:authType></con:credentials><con:jmsConfig JMSDeliveryMode="PERSISTENT"/><con:jmsPropertyConfig/><con:wsaConfig mustUnderstand="NONE" version="200508" action="CreateNBAPlayer"/><con:wsrmConfig version="1.2"/></con:call><con:call name="Invalid Request 1"><con:settings/><con:encoding>UTF-8</con:encoding><con:endpoint>http://JLR1GBMLF1T83M2:8088/mockCreateNBAPlayerBindingSOAP</con:endpoint><con:wsaConfig mustUnderstand="NONE" version="200508" action="CreateNBAPlayer"/></con:call><con:call name="Copy of Request 1"><con:settings/><con:encoding>UTF-8</con:encoding><con:endpoint>http://JLR1GBMLF1T83M2:8088/mockCreateNBAPlayerBindingSOAP</con:endpoint><con:wsaConfig mustUnderstand="NONE" version="200508" action="CreateNBAPlayer"/></con:call><con:call name="Request 2"><con:settings/><con:encoding>UTF-8</con:encoding><con:endpoint>http://JLR1GBMLF1T83M2:8088/mockCreateNBAPlayerBindingSOAP</con:endpoint><con:wsaConfig mustUnderstand="NONE" version="200508" action="CreateNBAPlayer"/></con:call></con:operation></con:interface><con:mockService port="8088" path="/mockCreateNBAPlayerBindingSOAP" host="JLR1GBMLF1T83M2" name="CreateNBAPlayerSoap MockService"><con:settings><con:setting id="com.eviware.soapui.impl.wsdl.mock.WsdlMockService@require-soap-action">false</con:setting></con:settings><con:properties/><con:mockOperation name="CreateNBAPlayerRequest" interface="CreateNBAPlayerBindingSOAP" operation="CreateNBAPlayerRequest"><con:settings/><con:defaultResponse>Success Response</con:defaultResponse><con:dispatchStyle>SEQUENCE</con:dispatchStyle><con:response name="Success Response" httpResponseStatus="200" encoding="UTF-8"><con:settings/><con:responseContent><![CDATA[<soapenv:Envelope xmlns:soapenv="http://schemas.xmlsoap.org/soap/envelope/" xmlns:cre="http://rpi-white.com/mss/message/createnbaplayer">
   <soapenv:Header/>
   <soapenv:Body>
      <cre:CreateNBAPlayerResponse>
         <!--Optional:-->
         <plyr>
            <PlayerId>PLYR00001</PlayerId>
         </plyr>
      </cre:CreateNBAPlayerResponse>
   </soapenv:Body>
</soapenv:Envelope>]]></con:responseContent><con:wsaConfig mustUnderstand="NONE" version="200508" action="CreateNBAPlayer"/></con:response><con:response name="Fault" httpResponseStatus="200" encoding="UTF-8"><con:settings/><con:responseContent><![CDATA[<soapenv:Envelope xmlns:soapenv="http://schemas.xmlsoap.org/soap/envelope/" xmlns:cre="http://rpi-white.com/mss/message/createnbaplayer">
   <soapenv:Header/>
   <soapenv:Body>
      <cre:CreateNBAPlayerResponse>
         <!--Optional:-->
         <plyr>
            <PlayerId>Invalid Request</PlayerId>
         </plyr>
      </cre:CreateNBAPlayerResponse>
   </soapenv:Body>
</soapenv:Envelope>]]></con:responseContent><con:wsaConfig mustUnderstand="NONE" version="200508" action="CreateNBAPlayer"/></con:response><con:dispatchConfig/></con:mockOperation></con:mockService><con:properties/><con:wssContainer/><con:oAuth2ProfileContainer/><con:sensitiveInformation/></con:soapui-project>